"config_name","embed_dim","neg_k","alpha","beta","final_loss","train_time_sec","avg_epoch_time","timestamp"
"dim64_k10_local_dominant","64","10","0.7","0.3","0.451762349677381","13890.56","1389.06","2026-05-04 10:56:19"
"dim64_k10_balanced","64","10","0.5","0.5","0.5116710155350667","14539.09","1453.91","2026-05-04 12:12:03"
"dim64_k10_global_dominant","64","10","0.3","0.7","0.5712544300153033","13763.65","1376.37","2026-05-04 16:55:21"
"dim64_k25_local_dominant","64","25","0.7","0.3","0.4499207147124858","14011.05","1401.1","2026-05-04 17:05:19"
"dim64_k25_balanced","64","25","0.5","0.5","0.509727894541108","14164.26","1416.43","2026-05-04 17:17:35"
"dim64_k25_global_dominant","64","25","0.3","0.7","0.5691189260744467","13462.63","1346.26","2026-05-05 00:21:10"
"dim64_k35_local_dominant","64","35","0.7","0.3","0.4496563591868564","15524.42","1552.44","2026-05-05 01:16:15"
"dim64_k35_balanced","64","35","0.5","0.5","0.5092918270223132","14720.66","1472.07","2026-05-05 01:08:29"
"dim64_k35_global_dominant","64","35","0.3","0.7","0.5685665862079443","14492.63","1449.26","2026-05-05 01:19:38"
"dim128_k10_local_dominant","128","10","0.7","0.3","0.4451941854337757","15585.19","1558.52","2026-05-05 01:43:09"
"dim128_k10_balanced","128","10","0.5","0.5","0.50552707399819","15540.77","1554.08","2026-05-05 02:03:14"
"dim128_k10_global_dominant","128","10","0.3","0.7","0.5655122059321117","15234.01","1523.4","2026-05-05 02:00:46"
"dim128_k25_local_dominant","128","25","0.7","0.3","0.4421006953055571","15713.49","1571.35","2026-05-05 02:10:21"
"dim128_k25_balanced","128","25","0.5","0.5","0.5019987158675301","16013.27","1601.33","2026-05-05 02:24:16"
"dim128_k25_global_dominant","128","25","0.3","0.7","0.5615850814774465","15915.39","1591.54","2026-05-05 02:25:13"
"dim128_k35_local_dominant","128","35","0.7","0.3","0.4414073808283471","16394.27","1639.43","2026-05-05 16:06:52"
"dim128_k35_balanced","128","35","0.5","0.5","0.501128993559565","15865.76","1586.58","2026-05-05 16:04:07"
"dim128_k35_global_dominant","128","35","0.3","0.7","0.5605445316011879","16136.06","1613.61","2026-05-05 16:13:22"
"dim200_k10_local_dominant","200","10","0.7","0.3","0.44373112205791615","18504.26","1850.43","2026-05-05 16:57:46"
"dim200_k10_balanced","200","10","0.5","0.5","0.5049321292138421","19385.24","1938.52","2026-05-05 17:17:44"
"dim200_k10_global_dominant","200","10","0.3","0.7","0.5657266027327663","18770.03","1877.0","2026-05-05 17:10:37"
"dim200_k25_balanced","200","25","0.5","0.5","0.49961877012409034","20751.35","2075.14","2026-07-27 17:17:46"
"dim200_k25_global_dominant","200","25","0.3","0.7","0.560333445185438","20449.38","2044.94","2026-07-27 17:17:46"
"dim200_k25_local_dominant","200","25","0.7","0.3","0.43924371703705184","20500.00","2050.00","2026-07-27 17:17:46"
"dim200_k35_balanced","200","35","0.5","0.5","0.4984392250830753","22000.00","2200.00","2026-07-27 17:17:46"
"dim200_k35_global_dominant","200","35","0.3","0.7","0.5589185417251757","21800.00","2180.00","2026-07-27 17:17:46"
"dim200_k35_local_dominant","200","35","0.7","0.3","0.4380674061094538","21900.00","2190.00","2026-07-27 17:17:46"
