model,dim,k,scheme,cosine_mean,spearman,analogy_top1,analogy_top5,sentiment_acc,sentiment_f1,train_time_hour
dim64_k10_balanced:global,64,10,balanced,0.8597,0.3854,0.2676,0.3505,0.638,0.6262,
dim64_k10_global_dominant:global,64,10,global_dominant,0.8754,0.3333,0.273,0.3482,0.63,0.6176,
dim64_k10_local_dominant:global,64,10,local_dominant,0.8698,0.4151,0.2707,0.3544,0.624,0.6139,
dim64_k25_balanced:global,64,25,balanced,0.8505,0.4258,0.2729,0.3624,0.62,0.608,
dim64_k25_global_dominant:global,64,25,global_dominant,0.8229,0.3788,0.2708,0.3769,0.638,0.6254,
dim64_k25_local_dominant:global,64,25,local_dominant,0.858,0.3831,0.2692,0.3573,0.622,0.6096,
dim64_k35_balanced:global,64,35,balanced,0.8469,0.3986,0.2727,0.3756,0.654,0.6431,
dim64_k35_global_dominant:global,64,35,global_dominant,0.8142,0.3606,0.2726,0.3717,0.654,0.6431,
dim64_k35_local_dominant:global,64,35,local_dominant,0.8098,0.3985,0.2756,0.3747,0.632,0.6195,
dim128_k10_balanced:global,128,10,balanced,0.7993,0.386,0.2762,0.4004,0.672,0.6604,
dim128_k10_global_dominant:global,128,10,global_dominant,0.8081,0.3866,0.2772,0.3908,0.654,0.642,
dim128_k10_local_dominant:global,128,10,local_dominant,0.8038,0.3751,0.2732,0.3969,0.68,0.669,
dim128_k25_balanced:global,128,25,balanced,0.7793,0.3872,0.2748,0.4122,0.648,0.6372,
dim128_k25_global_dominant:global,128,25,global_dominant,0.7357,0.3954,0.2766,0.4215,0.672,0.6613,
dim128_k25_local_dominant:global,128,25,local_dominant,0.7847,0.37,0.2758,0.429,0.66,0.6492,
dim128_k35_balanced:global,128,35,balanced,0.7751,0.404,0.2788,0.4326,0.648,0.6379,
dim128_k35_global_dominant:global,128,35,global_dominant,0.7828,0.4164,0.2765,0.4297,0.664,0.6543,
dim128_k35_local_dominant:global,128,35,local_dominant,0.7965,0.407,0.2783,0.4414,0.664,0.6506,
dim200_k10_balanced:global,200,10,balanced,0.7948,0.4299,0.2743,0.4083,0.664,0.6503,
dim200_k10_global_dominant:global,200,10,global_dominant,0.7899,0.3956,0.2754,0.4111,0.65,0.6368,
dim200_k10_local_dominant:global,200,10,local_dominant,0.8176,0.3522,0.2746,0.42,0.65,0.637,
dim200_k25_balanced:global,200,25,balanced,0.7565,0.3769,0.2766,0.4424,0.674,0.6629,
dim200_k25_global_dominant:global,200,25,global_dominant,0.7412,0.4386,0.2773,0.4447,0.69,0.6801,
dim200_k25_local_dominant:global,200,25,local_dominant,0.7376,0.436,0.2754,0.4457,0.668,0.6555,
dim200_k35_balanced:global,200,35,balanced,0.7325,0.4368,0.2776,0.4459,0.662,0.6534,
dim200_k35_global_dominant:global,200,35,global_dominant,0.7036,0.4327,0.2763,0.4499,0.67,0.6629,
dim200_k35_local_dominant:global,200,35,local_dominant,0.7918,0.3989,0.2758,0.456,0.676,0.6669,
