model,dim,cosine_mean,spearman,analogy_top1,analogy_top5,sentiment_acc,sentiment_f1,neg,train_time_hour
word2vec_dim64_neg10,64,0.6874,0.4461,0.2627,0.3097,0.612,0.6028,10,1.3959305555555557
word2vec_dim64_neg15,64,0.6861,0.444,0.2628,0.309,0.598,0.5891,15,2.046977777777778
word2vec_dim64_neg5,64,0.6857,0.4466,0.2628,0.3067,0.604,0.5942,5,0.7587583333333334
word2vec_dim128_neg10,128,0.6421,0.4587,0.2692,0.3193,0.636,0.6287,10,1.696263888888889
word2vec_dim128_neg15,128,0.6391,0.466,0.2698,0.322,0.644,0.6358,15,2.4322500000000002
word2vec_dim128_neg5,128,0.649,0.4575,0.2673,0.3158,0.628,0.6201,5,0.9303833333333333
word2vec_dim200_neg10,200,0.6237,0.4591,0.2695,0.3232,0.66,0.6508,10,2.0909805555555554
word2vec_dim200_neg15,200,0.6192,0.4552,0.2706,0.3261,0.662,0.6529,15,3.047875
word2vec_dim200_neg5,200,0.6356,0.4482,0.2675,0.3165,0.62,0.6078,5,1.051586111111111
