model,semantic_similarity,semantic_spearman,sentiment_accuracy,sentiment_f1,sentiment_precision,sentiment_recall,word_analogy_top1,word_analogy_top5
dim128_k10_balanced:global,0.7993,0.386,0.672,0.6604,0.6759,0.672,0.2762,0.4004
dim128_k10_balanced:local,0.6733,0.3866,0.662,0.6489,0.6684,0.662,0.2766,0.3995
dim128_k10_global_dominant:global,0.8081,0.3866,0.654,0.642,0.665,0.654,0.2772,0.3908
dim128_k10_global_dominant:local,0.6438,0.4073,0.654,0.6457,0.6597,0.654,0.2757,0.4053
dim128_k10_local_dominant:global,0.8038,0.3751,0.68,0.669,0.6813,0.68,0.2732,0.3969
dim128_k10_local_dominant:local,0.6887,0.3694,0.7,0.6901,0.7039,0.7,0.2754,0.4001
dim128_k25_balanced:global,0.7793,0.3872,0.648,0.6372,0.6593,0.648,0.2748,0.4122
dim128_k25_balanced:local,0.6122,0.4288,0.658,0.6484,0.6712,0.658,0.2793,0.4312
dim128_k25_global_dominant:global,0.7357,0.3954,0.672,0.6613,0.6833,0.672,0.2766,0.4215
dim128_k25_global_dominant:local,0.6493,0.4034,0.668,0.6561,0.6772,0.668,0.2787,0.4388
dim128_k25_local_dominant:global,0.7847,0.37,0.66,0.6492,0.6743,0.66,0.2758,0.429
dim128_k25_local_dominant:local,0.6614,0.3839,0.652,0.6414,0.66,0.652,0.2791,0.4366
dim128_k35_balanced:global,0.7751,0.404,0.648,0.6379,0.6592,0.648,0.2788,0.4326
dim128_k35_balanced:local,0.6238,0.4143,0.644,0.6319,0.658,0.644,0.2789,0.4438
dim128_k35_global_dominant:global,0.7828,0.4164,0.664,0.6543,0.6787,0.664,0.2765,0.4297
dim128_k35_global_dominant:local,0.6278,0.4012,0.648,0.6371,0.6604,0.648,0.2791,0.4375
dim128_k35_local_dominant:global,0.7965,0.407,0.664,0.6506,0.6763,0.664,0.2783,0.4414
dim128_k35_local_dominant:local,0.6485,0.4296,0.67,0.6581,0.6797,0.67,0.282,0.4427
dim200_k10_balanced:global,0.7948,0.4299,0.664,0.6503,0.681,0.664,0.2743,0.4083
dim200_k10_balanced:local,0.5865,0.4554,0.658,0.6475,0.6798,0.658,0.2758,0.4086
dim200_k10_global_dominant:global,0.7899,0.3956,0.65,0.6368,0.6633,0.65,0.2754,0.4111
dim200_k10_global_dominant:local,0.6156,0.4821,0.654,0.643,0.6661,0.654,0.2755,0.4042
dim200_k10_local_dominant:global,0.8176,0.3522,0.65,0.637,0.6771,0.65,0.2746,0.42
dim200_k10_local_dominant:local,0.6102,0.4049,0.644,0.6298,0.668,0.644,0.2766,0.433
dim200_k25_balanced:global,0.7565,0.3769,0.674,0.6629,0.6798,0.674,0.2766,0.4424
dim200_k25_balanced:local,0.565,0.4114,0.68,0.6692,0.6856,0.68,0.2782,0.4615
dim200_k25_global_dominant:global,0.7412,0.4386,0.69,0.6801,0.7123,0.69,0.2773,0.4447
dim200_k25_global_dominant:local,0.5875,0.4693,0.684,0.6736,0.7045,0.684,0.2761,0.4519
dim200_k25_local_dominant:global,0.7376,0.436,0.668,0.6555,0.6774,0.668,0.2754,0.4457
dim200_k25_local_dominant:local,0.5897,0.4643,0.664,0.6534,0.6769,0.664,0.2774,0.4613
dim200_k35_balanced:global,0.7325,0.4368,0.662,0.6534,0.6789,0.662,0.2776,0.4459
dim200_k35_balanced:local,0.56,0.4598,0.658,0.6453,0.6744,0.658,0.2786,0.454
dim200_k35_global_dominant:global,0.7036,0.4327,0.67,0.6629,0.6811,0.67,0.2763,0.4499
dim200_k35_global_dominant:local,0.5932,0.3795,0.682,0.6688,0.6969,0.682,0.2772,0.4515
dim200_k35_local_dominant:global,0.7918,0.3989,0.676,0.6669,0.6958,0.676,0.2758,0.456
dim200_k35_local_dominant:local,0.561,0.4396,0.662,0.6497,0.6772,0.662,0.2778,0.4487
dim64_k10_balanced:global,0.8597,0.3854,0.638,0.6262,0.6507,0.638,0.2676,0.3505
dim64_k10_balanced:local,0.7612,0.3388,0.632,0.6201,0.6386,0.632,0.2716,0.3581
dim64_k10_global_dominant:global,0.8754,0.3333,0.63,0.6176,0.6317,0.63,0.273,0.3482
dim64_k10_global_dominant:local,0.7775,0.2838,0.622,0.6097,0.6286,0.622,0.2787,0.3677
dim64_k10_local_dominant:global,0.8698,0.4151,0.624,0.6139,0.636,0.624,0.2707,0.3544
dim64_k10_local_dominant:local,0.783,0.3637,0.616,0.6066,0.6244,0.616,0.2708,0.3498
dim64_k25_balanced:global,0.8505,0.4258,0.62,0.608,0.6282,0.62,0.2729,0.3624
dim64_k25_balanced:local,0.7567,0.3325,0.62,0.6087,0.6285,0.62,0.2749,0.3744
dim64_k25_global_dominant:global,0.8229,0.3788,0.638,0.6254,0.6389,0.638,0.2708,0.3769
dim64_k25_global_dominant:local,0.7772,0.2843,0.65,0.6386,0.6564,0.65,0.2762,0.3913
dim64_k25_local_dominant:global,0.858,0.3831,0.622,0.6096,0.6453,0.622,0.2692,0.3573
dim64_k25_local_dominant:local,0.7489,0.3608,0.63,0.6176,0.6514,0.63,0.2747,0.3752
dim64_k35_balanced:global,0.8469,0.3986,0.654,0.6431,0.6598,0.654,0.2727,0.3756
dim64_k35_balanced:local,0.7816,0.3427,0.646,0.6328,0.6531,0.646,0.2755,0.3932
dim64_k35_global_dominant:global,0.8142,0.3606,0.654,0.6431,0.6627,0.654,0.2726,0.3717
dim64_k35_global_dominant:local,0.7989,0.253,0.644,0.6323,0.6529,0.644,0.2729,0.3796
dim64_k35_local_dominant:global,0.8098,0.3985,0.632,0.6195,0.6449,0.632,0.2756,0.3747
dim64_k35_local_dominant:local,0.7204,0.3389,0.618,0.6052,0.6272,0.618,0.279,0.3874
word2vec_dim128_neg10,0.6421,0.4587,0.636,0.6287,0.6434,0.636,0.2692,0.3193
word2vec_dim128_neg15,0.6391,0.466,0.644,0.6358,0.6622,0.644,0.2698,0.322
word2vec_dim128_neg5,0.649,0.4575,0.628,0.6201,0.6359,0.628,0.2673,0.3158
word2vec_dim200_neg10,0.6237,0.4591,0.66,0.6508,0.6752,0.66,0.2695,0.3232
word2vec_dim200_neg15,0.6192,0.4552,0.662,0.6529,0.6733,0.662,0.2706,0.3261
word2vec_dim200_neg5,0.6356,0.4482,0.62,0.6078,0.6313,0.62,0.2675,0.3165
word2vec_dim64_neg10,0.6874,0.4461,0.612,0.6028,0.6226,0.612,0.2627,0.3097
word2vec_dim64_neg15,0.6861,0.444,0.598,0.5891,0.6089,0.598,0.2628,0.309
word2vec_dim64_neg5,0.6857,0.4466,0.604,0.5942,0.6196,0.604,0.2628,0.3067
