model,type,dim,train_time_sec,avg_epoch_time_sec,train_time_hour
dim64_k10_local_dominant,dcsg,64,13890.56,1389.06,3.8584888888888886
dim64_k10_balanced,dcsg,64,14539.09,1453.91,4.038636111111111
dim64_k10_global_dominant,dcsg,64,13763.65,1376.37,3.823236111111111
dim64_k25_local_dominant,dcsg,64,14011.05,1401.1,3.891958333333333
dim64_k25_balanced,dcsg,64,14164.26,1416.43,3.9345166666666667
dim64_k25_global_dominant,dcsg,64,13462.63,1346.26,3.739619444444444
dim64_k35_local_dominant,dcsg,64,15524.42,1552.44,4.312338888888889
dim64_k35_balanced,dcsg,64,14720.66,1472.07,4.089072222222222
dim64_k35_global_dominant,dcsg,64,14492.63,1449.26,4.025730555555556
dim128_k10_local_dominant,dcsg,128,15585.19,1558.52,4.329219444444445
dim128_k10_balanced,dcsg,128,15540.77,1554.08,4.316880555555556
dim128_k10_global_dominant,dcsg,128,15234.01,1523.4,4.231669444444445
dim128_k25_local_dominant,dcsg,128,15713.49,1571.35,4.364858333333333
dim128_k25_balanced,dcsg,128,16013.27,1601.33,4.448130555555555
dim128_k25_global_dominant,dcsg,128,15915.39,1591.54,4.420941666666667
dim128_k35_local_dominant,dcsg,128,16394.27,1639.43,4.553963888888889
dim128_k35_balanced,dcsg,128,15865.76,1586.58,4.407155555555556
dim128_k35_global_dominant,dcsg,128,16136.06,1613.61,4.482238888888888
dim200_k10_local_dominant,dcsg,200,18504.26,1850.43,5.140072222222222
dim200_k10_balanced,dcsg,200,19385.24,1938.52,5.384788888888889
dim200_k10_global_dominant,dcsg,200,18770.03,1877.0,5.213897222222222
dim200_k25_balanced,dcsg,200,20751.35,2075.14,5.764263888888888
dim200_k25_global_dominant,dcsg,200,20449.38,2044.94,5.680383333333333
dim200_k25_local_dominant,dcsg,200,20500.0,2050.0,5.694444444444445
dim200_k35_balanced,dcsg,200,22000.0,2200.0,6.111111111111111
dim200_k35_global_dominant,dcsg,200,21800.0,2180.0,6.055555555555555
dim200_k35_local_dominant,dcsg,200,21900.0,2190.0,6.083333333333333
word2vec_25M_dim128_neg10_window10_epoch10,word2vec,128,6106.55,609.48,1.696263888888889
word2vec_25M_dim128_neg15_window10_epoch10,word2vec,128,8756.1,874.37,2.4322500000000002
word2vec_25M_dim128_neg5_window10_epoch10,word2vec,128,3349.38,333.58,0.9303833333333333
word2vec_25M_dim200_neg10_window10_epoch10,word2vec,200,7527.53,751.36,2.0909805555555554
word2vec_25M_dim200_neg15_window10_epoch10,word2vec,200,10972.35,1095.96,3.047875
word2vec_25M_dim200_neg5_window10_epoch10,word2vec,200,3785.71,377.28,1.051586111111111
word2vec_25M_dim64_neg10_window10_epoch10,word2vec,64,5025.35,501.34,1.3959305555555557
word2vec_25M_dim64_neg15_window10_epoch10,word2vec,64,7369.12,735.77,2.046977777777778
word2vec_25M_dim64_neg5_window10_epoch10,word2vec,64,2731.53,271.84,0.7587583333333334
avg_dim64,avg_word2vec,64,5042.000000000001,,1.4005555555555558
avg_dim64,avg_dcsg,64,14285.438888888888,,3.968177469135802
avg_dim128,avg_word2vec,128,6070.676666666667,,1.6862990740740742
avg_dim128,avg_dcsg,128,15822.023333333334,,4.395006481481482
avg_dim200,avg_word2vec,200,7428.53,,2.0634805555555555
avg_dim200,avg_dcsg,200,20451.14,,5.680872222222222
