model,window,dim,neg,source,train_time_sec,avg_epoch_time_sec,train_time_min
dim64_neg5_w10,10,64,5,w10_old,2731.53,271.84,45.53
dim64_neg10_w10,10,64,10,w10_old,5025.35,501.34,83.76
dim64_neg10_w10_w10_neg,10,64,10,w10_neg,5598.22,558.43,93.3
dim64_neg15_w10,10,64,15,w10_old,7369.12,735.77,122.82
dim64_neg25_w10,10,64,25,w10_neg,13015.58,1300.06,216.93
dim64_neg35_w10,10,64,35,w10_neg,18019.82,1800.57,300.33
dim128_neg5_w10,10,128,5,w10_old,3349.38,333.58,55.82
dim128_neg10_w10,10,128,10,w10_old,6106.55,609.48,101.78
dim128_neg10_w10_w10_neg,10,128,10,w10_neg,7237.73,722.28,120.63
dim128_neg15_w10,10,128,15,w10_old,8756.1,874.37,145.94
dim128_neg25_w10,10,128,25,w10_neg,17488.28,1747.37,291.47
dim128_neg35_w10,10,128,35,w10_neg,19927.83,1991.51,332.13
dim200_neg5_w10,10,200,5,w10_old,3785.71,377.28,63.1
dim200_neg10_w10,10,200,10,w10_old,7527.53,751.36,125.46
dim200_neg10_w10_w10_neg,10,200,10,w10_neg,7876.38,786.37,131.27
dim200_neg15_w10,10,200,15,w10_old,10972.35,1095.96,182.87
dim200_neg25_w10,10,200,25,w10_neg,17326.7,1731.46,288.78
dim200_neg35_w10,10,200,35,w10_neg,27945.85,2793.07,465.76
dim64_neg5_w25,25,64,5,w25_neg1,7178.44,715.84,119.64
dim64_neg10_w25,25,64,10,w25_neg1,13060.18,1304.68,217.67
dim64_neg10_w25_w25_neg2,25,64,10,w25_neg2,8617.3,860.81,143.62
dim64_neg15_w25,25,64,15,w25_neg1,18580.81,1856.69,309.68
dim64_neg25_w25,25,64,25,w25_neg2,28455.16,2844.2,474.25
dim64_neg35_w25,25,64,35,w25_neg2,33089.36,3307.49,551.49
dim128_neg5_w25,25,128,5,w25_neg1,9018.41,900.33,150.31
dim128_neg10_w25,25,128,10,w25_neg1,17376.42,1736.2,289.61
dim128_neg10_w25_w25_neg2,25,128,10,w25_neg2,15997.67,1598.21,266.63
dim128_neg15_w25,25,128,15,w25_neg1,14271.99,1426.33,237.87
dim128_neg25_w25,25,128,25,w25_neg2,32152.34,3213.85,535.87
dim128_neg35_w25,25,128,35,w25_neg2,24816.49,4132.4,413.61
dim200_neg5_w25,25,200,5,w25_neg1,10335.73,1032.15,172.26
dim200_neg10_w25,25,200,10,w25_neg1,11746.69,1173.81,195.78
dim200_neg10_w25_w25_neg2,25,200,10,w25_neg2,16137.88,1612.47,268.96
dim200_neg15_w25,25,200,15,w25_neg1,18195.33,1818.51,303.26
dim200_neg25_w25,25,200,25,w25_neg2,40550.74,4053.69,675.85
dim200_neg35_w25,25,200,35,w25_neg2,5772.55,5752.47,96.21
